trigger_product_handle,upsell_product_handle,priority,custom_message,active,start_date,end_date
5-amino-1mq-100mg,retatrutide,1,,TRUE,,
5-amino-1mq-100mg,cagrilintide,2,,TRUE,,
5-amino-1mq-100mg,mots-c,3,,TRUE,,
5-amino-1mq-100mg,l-carnitine-5000mg,4,,TRUE,,
5-amino-1mq-100mg,nad-1000mg,5,,TRUE,,
acetic-acid-06-10ml,bac-water,1,,TRUE,,
acetic-acid-06-10ml,melanotan-ii,2,,TRUE,,
acetic-acid-06-10ml,mt2-tanning-pen,3,,TRUE,,
aod-9604,mots-c,1,,TRUE,,
aod-9604,5-amino-1mq-100mg,2,,TRUE,,
aod-9604,tesamorelin,3,,TRUE,,
aod-9604,l-carnitine-5000mg,4,,TRUE,,
aod-9604,nad-1000mg,5,,TRUE,,
bac-water,bpc-157,1,,TRUE,,
bac-water,tb-500,2,,TRUE,,
bac-water,retatrutide,3,,TRUE,,
bac-water,tirzepatide,4,,TRUE,,
bac-water,ghk-cu,5,,TRUE,,
bpc-157,tb-500,1,,TRUE,,
bpc-157,kpv,2,,TRUE,,
bpc-157,ghk-cu,3,,TRUE,,
bpc-157,wolverine-blend,4,,TRUE,,
bpc-157,wolverine-recovery-pen,5,,TRUE,,
wolverine-blend,kpv,1,,TRUE,,
wolverine-blend,ghk-cu,2,,TRUE,,
wolverine-blend,glow-pen,3,,TRUE,,
wolverine-blend,l-carnitine-5000mg,4,,TRUE,,
wolverine-blend,nad-1000mg,5,,TRUE,,
cagrilintide,retatrutide,1,,TRUE,,
cagrilintide,tirzepatide,2,,TRUE,,
cagrilintide,mots-c,3,,TRUE,,
cagrilintide,5-amino-1mq-100mg,4,,TRUE,,
cagrilintide,nad-1000mg,5,,TRUE,,
dsip-5mg,epithalon,1,,TRUE,,
dsip-5mg,selank,2,,TRUE,,
dsip-5mg,semax,3,,TRUE,,
dsip-5mg,nad-1000mg,4,,TRUE,,
dsip-5mg,cjc-1295-no-dac-ipamorelin-10mg,5,,TRUE,,
epithalon,dsip-5mg,1,,TRUE,,
epithalon,nad-1000mg,2,,TRUE,,
epithalon,ghk-cu,3,,TRUE,,
epithalon,selank,4,,TRUE,,
epithalon,cjc-1295-no-dac-ipamorelin-10mg,5,,TRUE,,
ghk-cu,bpc-157,1,,TRUE,,
ghk-cu,tb-500,2,,TRUE,,
ghk-cu,glow-pen,3,,TRUE,,
ghk-cu,kpv,5,,TRUE,,
glow-pen,ghk-cu,1,,TRUE,,
glow-pen,bpc-157,3,,TRUE,,
glow-pen,kpv,4,,TRUE,,
hgh191aa,cjc-1295-no-dac-ipamorelin-10mg,1,,TRUE,,
hgh191aa,tesamorelin,2,,TRUE,,
hgh191aa,mots-c,3,,TRUE,,
hgh191aa,nad-1000mg,4,,TRUE,,
hgh191aa,l-carnitine-5000mg,5,,TRUE,,
cjc-1295-no-dac-ipamorelin-10mg,tesamorelin,1,,TRUE,,
cjc-1295-no-dac-ipamorelin-10mg,hgh191aa,2,,TRUE,,
cjc-1295-no-dac-ipamorelin-10mg,mots-c,3,,TRUE,,
cjc-1295-no-dac-ipamorelin-10mg,nad-1000mg,4,,TRUE,,
cjc-1295-no-dac-ipamorelin-10mg,dsip-5mg,5,,TRUE,,
kisspeptin-10,pt-141,2,,TRUE,,
kisspeptin-10,nad-1000mg,4,,TRUE,,
kpv,bpc-157,1,,TRUE,,
kpv,tb-500,2,,TRUE,,
kpv,ghk-cu,3,,TRUE,,
kpv,wolverine-recovery-pen,4,,TRUE,,
kpv,wolverine-blend,5,,TRUE,,
l-carnitine-5000mg,mots-c,1,,TRUE,,
l-carnitine-5000mg,5-amino-1mq-100mg,2,,TRUE,,
l-carnitine-5000mg,aod-9604,3,,TRUE,,
l-carnitine-5000mg,nad-1000mg,4,,TRUE,,
l-carnitine-5000mg,slu-pp-332,5,,TRUE,,
melanotan-ii,mt2-tanning-pen,1,,TRUE,,
melanotan-ii,pt-141,3,,TRUE,,
mots-c,retatrutide,1,,TRUE,,
mots-c,cagrilintide,2,,TRUE,,
mots-c,5-amino-1mq-100mg,3,,TRUE,,
mots-c,l-carnitine-5000mg,4,,TRUE,,
mots-c,nad-1000mg,5,,TRUE,,
mt2-tanning-pen,melanotan-ii,1,,TRUE,,
mt2-tanning-pen,pt-141,4,,TRUE,,
nad-1000mg,mots-c,1,,TRUE,,
nad-1000mg,epithalon,2,,TRUE,,
nad-1000mg,semax,3,,TRUE,,
nad-1000mg,selank,4,,TRUE,,
pt-141,kisspeptin-10,1,,TRUE,,
pt-141,melanotan-ii,4,,TRUE,,
retatrutide,cagrilintide,1,,TRUE,,
retatrutide,mots-c,2,,TRUE,,
retatrutide,5-amino-1mq-100mg,3,,TRUE,,
retatrutide,nad-1000mg,4,,TRUE,,
retatrutide,tesamorelin,5,,TRUE,,
retatrutide-pen,cagrilintide,1,,TRUE,,
retatrutide-pen,mots-c,2,,TRUE,,
retatrutide-pen,5-amino-1mq-100mg,3,,TRUE,,
retatrutide-pen,nad-1000mg,4,,TRUE,,
retatrutide-pen,l-carnitine-5000mg,5,,TRUE,,
retatrutide-pen-slimfinity-40mg,cagrilintide,1,,TRUE,,
retatrutide-pen-slimfinity-40mg,mots-c,2,,TRUE,,
retatrutide-pen-slimfinity-40mg,5-amino-1mq-100mg,3,,TRUE,,
retatrutide-pen-slimfinity-40mg,nad-1000mg,4,,TRUE,,
retatrutide-pen-slimfinity-40mg,l-carnitine-5000mg,5,,TRUE,,
retatrutide-pen-synedica-40mg,cagrilintide,1,,TRUE,,
retatrutide-pen-synedica-40mg,mots-c,2,,TRUE,,
retatrutide-pen-synedica-40mg,5-amino-1mq-100mg,3,,TRUE,,
retatrutide-pen-synedica-40mg,nad-1000mg,4,,TRUE,,
retatrutide-pen-synedica-40mg,l-carnitine-5000mg,5,,TRUE,,
selank,semax,1,,TRUE,,
selank,dsip-5mg,2,,TRUE,,
selank,nad-1000mg,3,,TRUE,,
selank,epithalon,5,,TRUE,,
semax,selank,1,,TRUE,,
semax,nad-1000mg,2,,TRUE,,
semax,dsip-5mg,3,,TRUE,,
semax,epithalon,4,,TRUE,,
slu-pp-332,mots-c,1,,TRUE,,
slu-pp-332,l-carnitine-5000mg,2,,TRUE,,
slu-pp-332,5-amino-1mq-100mg,3,,TRUE,,
slu-pp-332,nad-1000mg,4,,TRUE,,
slu-pp-332,aod-9604,5,,TRUE,,
tb-500,bpc-157,1,,TRUE,,
tb-500,kpv,2,,TRUE,,
tb-500,ghk-cu,3,,TRUE,,
tb-500,wolverine-blend,4,,TRUE,,
tb-500,wolverine-recovery-pen,5,,TRUE,,
tesamorelin,cjc-1295-no-dac-ipamorelin-10mg,1,,TRUE,,
tesamorelin,mots-c,2,,TRUE,,
tesamorelin,nad-1000mg,3,,TRUE,,
tesamorelin,hgh191aa,4,,TRUE,,
tesamorelin,l-carnitine-5000mg,5,,TRUE,,
tirzepatide,cagrilintide,1,,TRUE,,
tirzepatide,mots-c,2,,TRUE,,
tirzepatide,5-amino-1mq-100mg,3,,TRUE,,
tirzepatide,nad-1000mg,4,,TRUE,,
tirzepatide,l-carnitine-5000mg,5,,TRUE,,
tirzepatide-pen-lean-luxe-60mg,cagrilintide,1,,TRUE,,
tirzepatide-pen-lean-luxe-60mg,mots-c,2,,TRUE,,
tirzepatide-pen-lean-luxe-60mg,5-amino-1mq-100mg,3,,TRUE,,
tirzepatide-pen-lean-luxe-60mg,nad-1000mg,4,,TRUE,,
tirzepatide-pen-lean-luxe-60mg,l-carnitine-5000mg,5,,TRUE,,
tirzepatide-pen,cagrilintide,1,,TRUE,,
tirzepatide-pen,mots-c,2,,TRUE,,
tirzepatide-pen,5-amino-1mq-100mg,3,,TRUE,,
tirzepatide-pen,nad-1000mg,4,,TRUE,,
tirzepatide-pen,l-carnitine-5000mg,5,,TRUE,,
wolverine-recovery-pen,ghk-cu,1,,TRUE,,
wolverine-recovery-pen,glow-pen,2,,TRUE,,
wolverine-recovery-pen,l-carnitine-5000mg,3,,TRUE,,
wolverine-recovery-pen,nad-1000mg,4,,TRUE,,
nad-1000mg,retatrutide,25,"Part of our ""Beginner Fat Loss"" stack",TRUE,,
nad-1000mg,cagrilintide,25,"Part of our ""Advanced Fat Loss"" stack",TRUE,,
nad-1000mg,5-amino-1mq-100mg,25,"Part of our ""Advanced Fat Loss"" stack",TRUE,,
cagrilintide,l-carnitine-5000mg,25,"Part of our ""Tirzepatide Support Stack"" stack",TRUE,,
mots-c,tirzepatide,25,"Part of our ""Tirzepatide Support Stack"" stack",TRUE,,
l-carnitine-5000mg,tirzepatide,25,"Part of our ""Tirzepatide Support Stack"" stack",TRUE,,
l-carnitine-5000mg,cagrilintide,25,"Part of our ""Tirzepatide Support Stack"" stack",TRUE,,
nad-1000mg,tirzepatide,25,"Part of our ""Tirzepatide Support Stack"" stack",TRUE,,
nad-1000mg,l-carnitine-5000mg,25,"Part of our ""Tirzepatide Support Stack"" stack",TRUE,,
mots-c,slu-pp-332,25,"Part of our ""Metabolic Performance"" stack",TRUE,,
nad-1000mg,slu-pp-332,25,"Part of our ""Metabolic Performance"" stack",TRUE,,
cjc-1295-no-dac-ipamorelin-10mg,l-carnitine-5000mg,25,"Part of our ""Lean Body Composition"" stack",TRUE,,
mots-c,tesamorelin,25,"Part of our ""Lean Body Composition"" stack",TRUE,,
mots-c,cjc-1295-no-dac-ipamorelin-10mg,25,"Part of our ""Lean Body Composition"" stack",TRUE,,
l-carnitine-5000mg,tesamorelin,25,"Part of our ""Lean Body Composition"" stack",TRUE,,
l-carnitine-5000mg,cjc-1295-no-dac-ipamorelin-10mg,25,"Part of our ""Lean Body Composition"" stack",TRUE,,
kpv,nad-1000mg,25,"Part of our ""Wolverine Recovery"" stack",TRUE,,
ghk-cu,wolverine-blend,25,"Part of our ""Wolverine Recovery"" stack",TRUE,,
ghk-cu,nad-1000mg,25,"Part of our ""Wolverine Recovery"" stack",TRUE,,
nad-1000mg,wolverine-blend,25,"Part of our ""Wolverine Recovery"" stack",TRUE,,
nad-1000mg,kpv,25,"Part of our ""Wolverine Recovery"" stack",TRUE,,
nad-1000mg,ghk-cu,25,"Part of our ""Wolverine Recovery"" stack",TRUE,,
ghk-cu,wolverine-recovery-pen,25,"Part of our ""Premium Recovery Pen Stack"" stack",TRUE,,
ghk-cu,l-carnitine-5000mg,25,"Part of our ""Premium Recovery Pen Stack"" stack",TRUE,,
glow-pen,wolverine-recovery-pen,25,"Part of our ""Premium Recovery Pen Stack"" stack",TRUE,,
glow-pen,l-carnitine-5000mg,25,"Part of our ""Premium Recovery Pen Stack"" stack",TRUE,,
l-carnitine-5000mg,wolverine-recovery-pen,25,"Part of our ""Premium Recovery Pen Stack"" stack",TRUE,,
l-carnitine-5000mg,ghk-cu,25,"Part of our ""Premium Recovery Pen Stack"" stack",TRUE,,
l-carnitine-5000mg,glow-pen,25,"Part of our ""Premium Recovery Pen Stack"" stack",TRUE,,
kpv,glow-pen,25,"Part of our ""Skin Glow Stack"" stack",TRUE,,
epithalon,mots-c,25,"Part of our ""Longevity Stack"" stack",TRUE,,
mots-c,epithalon,25,"Part of our ""Longevity Stack"" stack",TRUE,,
mots-c,ghk-cu,25,"Part of our ""Longevity Stack"" stack",TRUE,,
ghk-cu,epithalon,25,"Part of our ""Longevity Stack"" stack",TRUE,,
ghk-cu,mots-c,25,"Part of our ""Longevity Stack"" stack",TRUE,,
selank,cjc-1295-no-dac-ipamorelin-10mg,25,"Part of our ""Sleep & Recovery Stack"" stack",TRUE,,
cjc-1295-no-dac-ipamorelin-10mg,epithalon,25,"Part of our ""Sleep & Recovery Stack"" stack",TRUE,,
cjc-1295-no-dac-ipamorelin-10mg,selank,25,"Part of our ""Sleep & Recovery Stack"" stack",TRUE,,
nad-1000mg,dsip-5mg,25,"Part of our ""Mood & Calm Stack"" stack",TRUE,,
pt-141,mt2-tanning-pen,25,"Part of our ""Premium Tanning Stack"" stack",TRUE,,
nad-1000mg,hgh191aa,25,"Part of our ""Growth & Recovery Stack"" stack",TRUE,,
nad-1000mg,cjc-1295-no-dac-ipamorelin-10mg,25,"Part of our ""Growth & Recovery Stack"" stack",TRUE,,
nad-1000mg,tesamorelin,25,"Part of our ""Growth & Recovery Stack"" stack",TRUE,,
retatrutide-pen-slimfinity-40mg,tirzepatide-pen-lean-luxe-60mg,25,"Part of our ""Pen Format Fat Loss Stack"" stack",TRUE,,
tirzepatide-pen-lean-luxe-60mg,retatrutide-pen-slimfinity-40mg,25,"Part of our ""Pen Format Fat Loss Stack"" stack",TRUE,,
cagrilintide,retatrutide-pen-slimfinity-40mg,25,"Part of our ""Pen Format Fat Loss Stack"" stack",TRUE,,
cagrilintide,tirzepatide-pen-lean-luxe-60mg,25,"Part of our ""Pen Format Fat Loss Stack"" stack",TRUE,,
bac-water,acetic-acid-06-10ml,25,"Part of our ""Essential Prep Stack"" stack",TRUE,,
